{"hmm": {"male":0.65875,"female":0.59125,"mixed":0.6675},"glvq": {"male":0.881368,"female":0.873662,"mixed":0.849785},"dtw": {"male":0.9075,"female":0.92875,"mixed":0.91625}}